IDCode,count,feature,sex,group,is_rapid_guess
zywy107,57,IDCode,,,
baco446,57,IDCode,,,
bacy598,57,IDCode,,,
bajo794,57,IDCode,,,
baky109,57,IDCode,,,
bebo956,57,IDCode,,,
bejy525,57,IDCode,,,
bene344,57,IDCode,,,
bepo134,57,IDCode,,,
bevi590,57,IDCode,,,
bihi184,57,IDCode,,,
biku776,57,IDCode,,,
biqe951,57,IDCode,,,
zipu412,57,IDCode,,,
zigi489,57,IDCode,,,
zejy480,57,IDCode,,,
zeji633,57,IDCode,,,
zapy404,57,IDCode,,,
zafy372,57,IDCode,,,
zady580,57,IDCode,,,
zade686,57,IDCode,,,
zabe850,57,IDCode,,,
xyzi642,57,IDCode,,,
xypo299,57,IDCode,,,
xyhi085,57,IDCode,,,
xyfe491,57,IDCode,,,
xuvy948,57,IDCode,,,
xutu412,57,IDCode,,,
xune455,57,IDCode,,,
core934,57,IDCode,,,
copo281,57,IDCode,,,
coni238,57,IDCode,,,
cona428,57,IDCode,,,
coma628,57,IDCode,,,
cogu074,57,IDCode,,,
cofi309,57,IDCode,,,
cobi870,57,IDCode,,,
cima563,57,IDCode,,,
ciky680,57,IDCode,,,
cija437,57,IDCode,,,
cidy099,57,IDCode,,,
ciby707,57,IDCode,,,
cave700,57,IDCode,,,
caro445,57,IDCode,,,
cape571,57,IDCode,,,
davu999,57,IDCode,,,
dasy955,57,IDCode,,,
dapu822,57,IDCode,,,
dahi696,57,IDCode,,,
cywo537,57,IDCode,,,
cylu852,57,IDCode,,,
cyhu257,57,IDCode,,,
cyga680,57,IDCode,,,
cyfe247,57,IDCode,,,
cyca115,57,IDCode,,,
cupe992,57,IDCode,,,
cumo221,57,IDCode,,,
culu497,57,IDCode,,,
cuba307,57,IDCode,,,
cozi663,57,IDCode,,,
cozi454,57,IDCode,,,
duvi856,57,IDCode,,,
dusi300,57,IDCode,,,
dugu064,57,IDCode,,,
doza768,57,IDCode,,,
doxi119,57,IDCode,,,
doxe492,57,IDCode,,,
doxe392,57,IDCode,,,
dove442,57,IDCode,,,
dosu709,57,IDCode,,,
dila385,57,IDCode,,,
diha837,57,IDCode,,,
difi858,57,IDCode,,,
dexe201,57,IDCode,,,
dero258,57,IDCode,,,
deje129,57,IDCode,,,
dedu084,57,IDCode,,,
fike806,57,IDCode,,,
fifa517,57,IDCode,,,
feso129,57,IDCode,,,
feqy379,57,IDCode,,,
feke878,57,IDCode,,,
feji918,57,IDCode,,,
fefu774,57,IDCode,,,
fari709,57,IDCode,,,
faly535,57,IDCode,,,
fagi164,57,IDCode,,,
fafe171,57,IDCode,,,
dyzo734,57,IDCode,,,
dyva324,57,IDCode,,,
dyhi182,57,IDCode,,,
duxo262,57,IDCode,,,
duwi894,57,IDCode,,,
gata076,57,IDCode,,,
garu074,57,IDCode,,,
gaqe214,57,IDCode,,,
gahu141,57,IDCode,,,
gaho243,57,IDCode,,,
gaga585,57,IDCode,,,
fypi681,57,IDCode,,,
fuxa711,57,IDCode,,,
fovo989,57,IDCode,,,
fore104,57,IDCode,,,
foji729,57,IDCode,,,
fofa613,57,IDCode,,,
fode209,57,IDCode,,,
fite050,57,IDCode,,,
fise899,57,IDCode,,,
fili803,57,IDCode,,,
guxe800,57,IDCode,,,
guva627,57,IDCode,,,
guge611,57,IDCode,,,
gowa049,57,IDCode,,,
gosa272,57,IDCode,,,
gopa505,57,IDCode,,,
gony054,57,IDCode,,,
gono087,57,IDCode,,,
gola051,57,IDCode,,,
givi158,57,IDCode,,,
giki066,57,IDCode,,,
gevi782,57,IDCode,,,
gery678,57,IDCode,,,
gelu604,57,IDCode,,,
gelo627,57,IDCode,,,
geka905,57,IDCode,,,
hime464,57,IDCode,,,
heqi003,57,IDCode,,,
hefy659,57,IDCode,,,
heda014,57,IDCode,,,
hazu473,57,IDCode,,,
hata313,57,IDCode,,,
hasa034,57,IDCode,,,
hamu369,57,IDCode,,,
hadi890,57,IDCode,,,
habe142,57,IDCode,,,
gyly160,57,IDCode,,,
gylu244,57,IDCode,,,
gyjy255,57,IDCode,,,
gyge774,57,IDCode,,,
gycy436,57,IDCode,,,
guzo911,57,IDCode,,,
hyge979,57,IDCode,,,
hyfe498,57,IDCode,,,
huze427,57,IDCode,,,
huxe147,57,IDCode,,,
huve181,57,IDCode,,,
huho039,57,IDCode,,,
hufy497,57,IDCode,,,
huby293,57,IDCode,,,
hoxo855,57,IDCode,,,
howe436,57,IDCode,,,
hopi338,57,IDCode,,,
homa046,57,IDCode,,,
hoki309,57,IDCode,,,
hoge626,57,IDCode,,,
hiwu738,57,IDCode,,,
hiwu589,57,IDCode,,,
jizi110,57,IDCode,,,
jise415,57,IDCode,,,
jide437,57,IDCode,,,
jicu869,57,IDCode,,,
jexu775,57,IDCode,,,
jewe923,57,IDCode,,,
jese656,57,IDCode,,,
jeqy595,57,IDCode,,,
jemy300,57,IDCode,,,
jemy201,57,IDCode,,,
jefi901,57,IDCode,,,
jaxe723,57,IDCode,,,
jaqy340,57,IDCode,,,
jago498,57,IDCode,,,
hywy001,57,IDCode,,,
hyku415,57,IDCode,,,
karo919,57,IDCode,,,
kapy740,57,IDCode,,,
kami789,57,IDCode,,,
kama922,57,IDCode,,,
kaho190,57,IDCode,,,
jyri631,57,IDCode,,,
jyma323,57,IDCode,,,
jyly989,57,IDCode,,,
jygo886,57,IDCode,,,
juqo313,57,IDCode,,,
jupo405,57,IDCode,,,
jufy997,57,IDCode,,,
joxi410,57,IDCode,,,
joti731,57,IDCode,,,
johy783,57,IDCode,,,
joce161,57,IDCode,,,
koqa816,57,IDCode,,,
kojo378,57,IDCode,,,
kofa904,57,IDCode,,,
kise589,57,IDCode,,,
kisa730,57,IDCode,,,
kifo712,57,IDCode,,,
kexi927,57,IDCode,,,
kewi488,57,IDCode,,,
keri121,57,IDCode,,,
keno764,57,IDCode,,,
keho061,57,IDCode,,,
kegy317,57,IDCode,,,
kegi864,57,IDCode,,,
kebi083,57,IDCode,,,
kaxu871,57,IDCode,,,
katu927,57,IDCode,,,
lazi600,57,IDCode,,,
laze716,57,IDCode,,,
lany944,57,IDCode,,,
kyzy131,57,IDCode,,,
kywu572,57,IDCode,,,
kyso927,57,IDCode,,,
kyse146,57,IDCode,,,
kyqu130,57,IDCode,,,
kyjo535,57,IDCode,,,
kyjo289,57,IDCode,,,
kygi723,57,IDCode,,,
kuqy630,57,IDCode,,,
kula014,57,IDCode,,,
kuge219,57,IDCode,,,
kufi222,57,IDCode,,,
koze985,57,IDCode,,,
lucu601,57,IDCode,,,
loxu319,57,IDCode,,,
lowy720,57,IDCode,,,
lowa532,57,IDCode,,,
lota555,57,IDCode,,,
losy787,57,IDCode,,,
lore323,57,IDCode,,,
lomo204,57,IDCode,,,
lohy238,57,IDCode,,,
loge702,57,IDCode,,,
loda300,57,IDCode,,,
loby351,57,IDCode,,,
lobo127,57,IDCode,,,
lilu285,57,IDCode,,,
lilo882,57,IDCode,,,
lije367,57,IDCode,,,
maxy370,57,IDCode,,,
masu336,57,IDCode,,,
mari840,57,IDCode,,,
maqu534,57,IDCode,,,
manu258,57,IDCode,,,
maju644,57,IDCode,,,
maho931,57,IDCode,,,
magu282,57,IDCode,,,
mado232,57,IDCode,,,
mabo887,57,IDCode,,,
lyzy104,57,IDCode,,,
lusi512,57,IDCode,,,
lury747,57,IDCode,,,
luli756,57,IDCode,,,
lula174,57,IDCode,,,
lufy687,57,IDCode,,,
muta539,57,IDCode,,,
muqo157,57,IDCode,,,
muku118,57,IDCode,,,
mude815,57,IDCode,,,
mowy859,57,IDCode,,,
mory430,57,IDCode,,,
moly152,57,IDCode,,,
moku835,57,IDCode,,,
mofe780,57,IDCode,,,
mixa281,57,IDCode,,,
mipe544,57,IDCode,,,
mika525,57,IDCode,,,
mida684,57,IDCode,,,
mesi806,57,IDCode,,,
mefy253,57,IDCode,,,
mecu237,57,IDCode,,,
nene689,57,IDCode,,,
neku787,57,IDCode,,,
nejy388,57,IDCode,,,
nehe056,57,IDCode,,,
nawu690,57,IDCode,,,
navo572,57,IDCode,,,
naso669,57,IDCode,,,
nasi298,57,IDCode,,,
nape687,57,IDCode,,,
naky151,57,IDCode,,,
najy705,57,IDCode,,,
myzo000,57,IDCode,,,
myve834,57,IDCode,,,
myte214,57,IDCode,,,
mybu425,57,IDCode,,,
muvo194,57,IDCode,,,
nypy058,57,IDCode,,,
nyfe489,57,IDCode,,,
nycu731,57,IDCode,,,
nupy082,57,IDCode,,,
nujo284,57,IDCode,,,
nuhi137,57,IDCode,,,
nopo152,57,IDCode,,,
nolu547,57,IDCode,,,
node314,57,IDCode,,,
nivo041,57,IDCode,,,
nise834,57,IDCode,,,
niri091,57,IDCode,,,
ninu744,57,IDCode,,,
nily317,57,IDCode,,,
nexy906,57,IDCode,,,
nexu635,57,IDCode,,,
pogi169,57,IDCode,,,
pody147,57,IDCode,,,
pivi588,57,IDCode,,,
piro376,57,IDCode,,,
pipo687,57,IDCode,,,
pino324,57,IDCode,,,
pimi228,57,IDCode,,,
pile112,57,IDCode,,,
peto053,57,IDCode,,,
peqo117,57,IDCode,,,
peqa279,57,IDCode,,,
paxi044,57,IDCode,,,
pala257,57,IDCode,,,
pajo050,57,IDCode,,,
nysu060,57,IDCode,,,
nysa238,57,IDCode,,,
pyzi618,57,IDCode,,,
pytu496,57,IDCode,,,
pyqy867,57,IDCode,,,
pymu787,57,IDCode,,,
puxi257,57,IDCode,,,
pusu302,57,IDCode,,,
punu787,57,IDCode,,,
punu537,57,IDCode,,,
puju088,57,IDCode,,,
pufe463,57,IDCode,,,
puce552,57,IDCode,,,
puca767,57,IDCode,,,
pubu440,57,IDCode,,,
powu461,57,IDCode,,,
posy958,57,IDCode,,,
posy537,57,IDCode,,,
qosy291,57,IDCode,,,
qoha890,57,IDCode,,,
qixy634,57,IDCode,,,
qisu640,57,IDCode,,,
qiqi041,57,IDCode,,,
qexo432,57,IDCode,,,
qewy924,57,IDCode,,,
qejy219,57,IDCode,,,
qefe646,57,IDCode,,,
qedo478,57,IDCode,,,
qecu035,57,IDCode,,,
qapo730,57,IDCode,,,
qami382,57,IDCode,,,
qafu966,57,IDCode,,,
qafe413,57,IDCode,,,
pyzo535,57,IDCode,,,
rejy122,57,IDCode,,,
recu163,57,IDCode,,,
raxy329,57,IDCode,,,
raxe285,57,IDCode,,,
rawo522,57,IDCode,,,
ravy196,57,IDCode,,,
ratu271,57,IDCode,,,
rapo919,57,IDCode,,,
rapo615,57,IDCode,,,
raje697,57,IDCode,,,
raja244,57,IDCode,,,
qyxy586,57,IDCode,,,
qyjo579,57,IDCode,,,
quzy338,57,IDCode,,,
qutu379,57,IDCode,,,
quhe482,57,IDCode,,,
ryzo168,57,IDCode,,,
ryko512,57,IDCode,,,
ryhy064,57,IDCode,,,
ryfy568,57,IDCode,,,
ruhu758,57,IDCode,,,
ruco451,57,IDCode,,,
rozu771,57,IDCode,,,
ropi792,57,IDCode,,,
roho333,57,IDCode,,,
risy585,57,IDCode,,,
rino885,57,IDCode,,,
rihi168,57,IDCode,,,
riby296,57,IDCode,,,
reve265,57,IDCode,,,
reqy562,57,IDCode,,,
remi231,57,IDCode,,,
sira606,57,IDCode,,,
sipy389,57,IDCode,,,
sina926,57,IDCode,,,
sila763,57,IDCode,,,
seto741,57,IDCode,,,
sesi698,57,IDCode,,,
sejy814,57,IDCode,,,
sefy975,57,IDCode,,,
sedo490,57,IDCode,,,
sedi312,57,IDCode,,,
sazy810,57,IDCode,,,
saze236,57,IDCode,,,
sati762,57,IDCode,,,
sapu497,57,IDCode,,,
safu128,57,IDCode,,,
saca329,57,IDCode,,,
tebe135,57,IDCode,,,
taxa827,57,IDCode,,,
tatu362,57,IDCode,,,
tapi010,57,IDCode,,,
syzu625,57,IDCode,,,
syvi476,57,IDCode,,,
syti148,57,IDCode,,,
syco853,57,IDCode,,,
suzo040,57,IDCode,,,
sulo956,57,IDCode,,,
sugu976,57,IDCode,,,
soru820,57,IDCode,,,
sony276,57,IDCode,,,
sivi804,57,IDCode,,,
siry766,57,IDCode,,,
sire515,57,IDCode,,,
turi097,57,IDCode,,,
tujy672,57,IDCode,,,
tuga736,57,IDCode,,,
tufa140,57,IDCode,,,
tuby409,57,IDCode,,,
tubo945,57,IDCode,,,
tosa657,57,IDCode,,,
tomo782,57,IDCode,,,
togu404,57,IDCode,,,
tivy194,57,IDCode,,,
tiro932,57,IDCode,,,
tiqy778,57,IDCode,,,
tezy480,57,IDCode,,,
texu966,57,IDCode,,,
tepu554,57,IDCode,,,
tebo981,57,IDCode,,,
viba035,57,IDCode,,,
vexo008,57,IDCode,,,
vepi727,57,IDCode,,,
vate767,57,IDCode,,,
vani542,57,IDCode,,,
vane668,57,IDCode,,,
vamu972,57,IDCode,,,
vabe169,57,IDCode,,,
tyzo440,57,IDCode,,,
tywo507,57,IDCode,,,
tyly265,57,IDCode,,,
tyhy481,57,IDCode,,,
tuza510,57,IDCode,,,
tuvu087,57,IDCode,,,
tuve726,57,IDCode,,,
tusi463,57,IDCode,,,
vuzo690,57,IDCode,,,
vuvy608,57,IDCode,,,
vury347,57,IDCode,,,
vuho146,57,IDCode,,,
vuhe805,57,IDCode,,,
vuga321,57,IDCode,,,
vudi262,57,IDCode,,,
vuci475,57,IDCode,,,
voza333,57,IDCode,,,
voxy002,57,IDCode,,,
vopa930,57,IDCode,,,
vizo712,57,IDCode,,,
viry492,57,IDCode,,,
vili771,57,IDCode,,,
vihu826,57,IDCode,,,
vice024,57,IDCode,,,
woqa919,57,IDCode,,,
woju333,57,IDCode,,,
woci389,57,IDCode,,,
wizy437,57,IDCode,,,
wify666,57,IDCode,,,
weru214,57,IDCode,,,
wero373,57,IDCode,,,
weda047,57,IDCode,,,
wari483,57,IDCode,,,
ware232,57,IDCode,,,
waho571,57,IDCode,,,
vyzo298,57,IDCode,,,
vyxy108,57,IDCode,,,
vyxi492,57,IDCode,,,
vyva107,57,IDCode,,,
vyda893,57,IDCode,,,
xaja332,57,IDCode,,,
xafy802,57,IDCode,,,
xafu780,57,IDCode,,,
wyxo615,57,IDCode,,,
wyva352,57,IDCode,,,
wype120,57,IDCode,,,
wyki565,57,IDCode,,,
wyja070,57,IDCode,,,
wuzy577,57,IDCode,,,
wuxa997,57,IDCode,,,
wumu083,57,IDCode,,,
wujy562,57,IDCode,,,
wuga870,57,IDCode,,,
wozo826,57,IDCode,,,
woza563,57,IDCode,,,
wowy820,57,IDCode,,,
xuke183,57,IDCode,,,
xoru423,57,IDCode,,,
xori482,57,IDCode,,,
xopa120,57,IDCode,,,
xoky149,57,IDCode,,,
xoki390,57,IDCode,,,
xohi599,57,IDCode,,,
xoba600,57,IDCode,,,
xiza150,57,IDCode,,,
xise560,57,IDCode,,,
xime971,57,IDCode,,,
xehy451,57,IDCode,,,
xavy753,57,IDCode,,,
xamy888,57,IDCode,,,
xamy676,57,IDCode,,,
xamy327,57,IDCode,,,
biry098,57,IDCode,,,
zyvo780,57,IDCode,,,
zyte492,57,IDCode,,,
zuxy510,57,IDCode,,,
zuwa573,57,IDCode,,,
zusa663,57,IDCode,,,
zuha759,57,IDCode,,,
zufa556,57,IDCode,,,
zucy684,57,IDCode,,,
zozy719,57,IDCode,,,
zomi496,57,IDCode,,,
zoma564,57,IDCode,,,
zoko875,57,IDCode,,,
zoka501,57,IDCode,,,
zojo883,57,IDCode,,,
zivi062,57,IDCode,,,
cani065,57,IDCode,,,
cahe192,57,IDCode,,,
buzo685,57,IDCode,,,
buvy316,57,IDCode,,,
buqe642,57,IDCode,,,
buny935,57,IDCode,,,
buby593,57,IDCode,,,
buby236,57,IDCode,,,
bube109,57,IDCode,,,
bowo488,57,IDCode,,,
boqe999,57,IDCode,,,
bopa107,57,IDCode,,,
bomo360,57,IDCode,,,
bofi991,57,IDCode,,,
bofi323,57,IDCode,,,
biwu043,57,IDCode,,,
,16245,sex,M,,
,13908,sex,F,,
,684,sex,U,,
,5410,group,,Rally,
,2705,group,,BasicGeometry,
,2164,group,,LogicalReasoning,
,2164,group,,Addition2,
,2164,group,,Multiplication2,
,2164,group,,Subtraction2,
,1623,group,,MapDistance,
,1623,group,,Division1,
,1623,group,,RainfallStatistics,
,1623,group,,Subtraction1,
,1623,group,,Division3,
,1623,group,,MissingNumber_Subtraction,
,1623,group,,Subtraction3,
,1082,group,,MissingNumber_Division,
,1082,group,,WordPuzzle,
,541,group,,DebugRobotCode,
,28456,is_rapid_guess,,,False
,2381,is_rapid_guess,,,True
